symbol,name,lastsale,netchange,pctchange,marketCap,country,ipoyear,volume,sector,industry,url
AAMC,Altisource Asset Management Corp Com,$14.11,0.04,0.284%,29003966.00,United States,,2117,Finance,Investment Managers,/market-activity/stocks/aamc
AAU,Almaden Minerals Ltd. Common Shares,$0.3561,-0.0023,-0.642%,48864543.00,Canada,2015,259912,,,/market-activity/stocks/aau
ACU,Acme United Corporation. Common Stock,$33.9999,0.2499,0.74%,121029002.00,United States,1988,1274,Consumer Durables,Home Furnishings,/market-activity/stocks/acu
ADRA,Adara Acquisition Corp. Class A Common Stock,$9.87,-0.01,-0.101%,141881250.00,United States,2021,8753,,,/market-activity/stocks/adra
ADRT,Ault Disruptive Technologies Corporation Common Stock,$9.97,0.00,0.00%,143318750.00,,2022,25,,,/market-activity/stocks/adrt
AE,Adams Resources & Energy Inc. Common Stock,$37.76,-0.73,-1.897%,164930620.00,United States,,6836,Energy,Oilfield Services/Equipment,/market-activity/stocks/ae
AEF,Aberdeen Emerging Markets Equity Income Fund Inc. Common Stock,$6.8655,0.0955,1.411%,348436332.00,United States,,38604,Finance,Finance/Investors Services,/market-activity/stocks/aef
AGE,AgeX Therapeutics Inc. Common Stock,$0.8107,-0.0433,-5.07%,30760442.00,,2018,31165,Health Care,Biotechnology: Pharmaceutical Preparations,/market-activity/stocks/age
AIM,AIM ImmunoTech Inc. Common Stock,$1.0699,0.0099,0.934%,42464344.00,United States,,114556,Health Care,Biotechnology: Biological Products (No Diagnostic Substances),/market-activity/stocks/aim
AINC,Ashford Inc. (Holding Company) Common Stock,$17.1629,0.0329,0.192%,54070635.00,United States,2014,1527,Finance,Investment Managers,/market-activity/stocks/ainc
AIRI,Air Industries Group Common Stock,$0.8375,0.0026,0.311%,26953448.00,United States,,79348,Capital Goods,Military/Government/Technical,/market-activity/stocks/airi
AMBO,Ambow Education Holding Ltd. American Depository Shares each representing two Class A ordinary shares,$0.735,-0.0314,-4.097%,17081648.00,China,,215289,Miscellaneous,Service to the Health Industry,/market-activity/stocks/ambo
AMPE,Ampio Pharmaceuticals Inc.,$0.4567,-0.0133,-2.83%,103756242.00,United States,,895894,Health Care,Biotechnology: Pharmaceutical Preparations,/market-activity/stocks/ampe
AMS,American Shared Hospital Services Common Stock,$2.38,0.04,1.709%,13965840.00,United States,,63250,Health Care,Medical Specialities,/market-activity/stocks/ams
APT,Alpha Pro Tech Ltd. Common Stock,$4.37,0.17,4.048%,57419139.00,Canada,,90044,,,/market-activity/stocks/apt
AREN,The Arena Group Holdings Inc. Common Stock,$10.275,-0.555,-5.125%,178115070.00,,,13966,,,/market-activity/stocks/aren
ARMP,Armata Pharmaceuticals Inc. Common Stock,$5.1438,0.2538,5.19%,158054011.00,United States,,5520,Health Care,Biotechnology: Biological Products (No Diagnostic Substances),/market-activity/stocks/armp
ASM,Avino Silver & Gold Mines Ltd. Common Shares (Canada),$0.94,0.00,0.00%,109268618.00,Canada,,178690,,,/market-activity/stocks/asm
ASXC,Asensus Surgical Inc. Common Stock,$0.6011,-0.0257,-4.10%,142105053.00,United States,,1814939,Health Care,Medical/Dental Instruments,/market-activity/stocks/asxc
ATNM,Actinium Pharmaceuticals Inc. (Delaware) Common Stock,$5.18,0.07,1.37%,114705785.00,United States,,31700,Health Care,Biotechnology: Pharmaceutical Preparations,/market-activity/stocks/atnm
AUMN,Golden Minerals Company Common Stock,$0.5092,0.0084,1.677%,82900108.00,United States,,426178,Basic Industries,Metal Mining,/market-activity/stocks/aumn
AWX,Avalon Holdings Corporation Common Stock,$3.295,0.02,0.611%,12848625.00,United States,,1328,Public Utilities,Environmental Services,/market-activity/stocks/awx
AXU,Alexco Resource Corp Common Shares (Canada),$1.6111,0.0611,3.942%,250124728.00,Canada,,1123664,,,/market-activity/stocks/axu
BATL,Battalion Oil Corporation Common Stock,$19.745,1.165,6.27%,322574657.00,,,10918,Energy,Oil & Gas Production,/market-activity/stocks/batl
BCV,Bancroft Fund Ltd.,$22.88,0.10,0.439%,134703895.00,United States,,9423,Finance,Finance/Investors Services,/market-activity/stocks/bcv
BCV^A,Bancroft Fund Limited 5.375% Series A Cumulative Preferred Shares,$25.0532,0.0432,0.173%,,United States,,3240,,,/market-activity/stocks/bcv^a
BDL,Flanigan's Enterprises Inc. Common Stock,$33.7218,-0.9782,-2.819%,62676922.00,United States,,4373,Consumer Services,Restaurants,/market-activity/stocks/bdl
BDR,Blonder Tongue Laboratories Inc. Common Stock,$0.585,-0.055,-8.594%,7252693.00,United States,,232723,Technology,Radio And Television Broadcasting And Communications Equipment,/market-activity/stocks/bdr
BGI,Birks Group Inc. Common Stock,$5.184,-0.0065,-0.125%,95017241.00,Canada,,40015,,,/market-activity/stocks/bgi
BHB,Bar Harbor Bankshares Inc. Common Stock,$28.63,0.01,0.035%,429810910.00,United States,,7271,Finance,Major Banks,/market-activity/stocks/bhb
BKTI,BK Technologies Corporation Common Stock,$2.5091,-0.0409,-1.604%,42274820.00,United States,,5967,Technology,Radio And Television Broadcasting And Communications Equipment,/market-activity/stocks/bkti
BMTX,BM Technologies Inc. Common Stock,$8.67,0.12,1.404%,105829297.00,,2018,209054,Technology,EDP Services,/market-activity/stocks/bmtx
BRBS,Blue Ridge Bankshares Inc. Common Stock,$15.00,-0.17,-1.121%,281548230.00,,,22871,Finance,Commercial Banks,/market-activity/stocks/brbs
BRG,Bluerock Residential Growth REIT Inc. Class A Common Stock,$26.57,0.00,0.00%,779490254.00,,2014,504376,Consumer Services,Real Estate Investment Trusts,/market-activity/stocks/brg
BRG^C,Bluerock Residential Growth REIT Inc. 7.625% Series C Cumulative Redeemable Preferred Stock,$25.30,0.01,0.04%,,,,25914,,,/market-activity/stocks/brg^c
BRG^D,Bluerock Residential Growth REIT Inc. 7.125% Series D Cumulative Preferred Stock ($0.01 par value per share),$25.13,0.05,0.199%,,,,1251,,,/market-activity/stocks/brg^d
BRN,Barnwell Industries Inc. Common Stock,$2.69,0.12,4.669%,26783488.00,United States,,241823,Energy,Oil & Gas Production,/market-activity/stocks/brn
BTG,B2Gold Corp Common shares (Canada),$4.72,0.13,2.832%,4993012144.00,Canada,,6410758,,,/market-activity/stocks/btg
BTN,Ballantyne Strong Inc. Common Stock,$3.08,0.00,0.00%,59297192.00,United States,,12542,Miscellaneous,Industrial Machinery/Components,/market-activity/stocks/btn
BTTR,Better Choice Company Inc. Common Stock,$2.65,0.10,3.922%,77816487.00,,2021,74315,Consumer Non-Durables,Food Distributors,/market-activity/stocks/bttr
CANF,Can-Fite Biopharma Ltd Sponsored ADR (Israel),$1.20,-0.04,-3.226%,32629852.00,Israel,,236542,Health Care,Biotechnology: Pharmaceutical Preparations,/market-activity/stocks/canf
CCF,Chase Corporation Common Stock,$86.27,-0.64,-0.736%,816087025.00,United States,,10592,Basic Industries,Paints/Coatings,/market-activity/stocks/ccf
CEI,Camber Energy Inc. Common Stock,$0.835,-0.0115,-1.359%,300692777.00,United States,,14420246,Energy,Oil & Gas Production,/market-activity/stocks/cei
CET,Central Securities Corporation Common Stock,$41.06,-0.33,-0.797%,1119557727.00,United States,,3905,Finance,Finance/Investors Services,/market-activity/stocks/cet
CEV,Eaton Vance California Municipal Income Trust Shares of Beneficial Interest,$11.54,0.06,0.523%,82321456.00,United States,1999,27261,Finance,Finance/Investors Services,/market-activity/stocks/cev
CIK,Credit Suisse Asset Management Income Fund Inc. Common Stock,$3.0442,-0.0058,-0.19%,159330359.00,United States,,218612,Finance,Finance/Investors Services,/market-activity/stocks/cik
CIX,CompX International Inc. Common Stock,$23.55,0.03,0.128%,291564472.00,United States,1998,1517,Miscellaneous,Diversified Manufacture,/market-activity/stocks/cix
CKX,CKX Lands Inc. Common Stock,$10.835,-0.075,-0.687%,21046933.00,United States,,9678,Energy,Oil & Gas Production,/market-activity/stocks/ckx
CLM,Cornerstone Strategic Value Fund Inc. New Common Stock,$14.20,0.11,0.781%,1710983517.00,United States,1987,894995,Finance,Finance/Investors Services,/market-activity/stocks/clm
CMCL,Caledonia Mining Corporation Plc Common Shares,$15.10,-0.11,-0.723%,193780203.00,Canada,,30067,Basic Industries,Precious Metals,/market-activity/stocks/cmcl
CMT,Core Molding Technologies Inc Common Stock,$10.9481,0.1881,1.748%,92796610.00,United States,,3536,Consumer Durables,Electronic Components,/market-activity/stocks/cmt
COHN,Cohen & Company Inc.,$16.45,0.30,1.858%,28263321.00,United States,,13531,Finance,Investment Managers,/market-activity/stocks/cohn
CPHI,China Pharma Holdings Inc. Common Stock,$0.398,0.008,2.051%,18841144.00,China,,422345,Health Care,Biotechnology: Pharmaceutical Preparations,/market-activity/stocks/cphi
CQP,Cheniere Energy Partners LP Cheniere Energy Partners LP Common Units,$56.28,-0.08,-0.142%,27241046482.00,United States,2007,101276,Public Utilities,Oil/Gas Transmission,/market-activity/stocks/cqp
CRF,Cornerstone Total Return Fund Inc. (The) Common Stock,$13.99,0.08,0.575%,889003783.00,United States,,566609,Finance,Finance/Investors Services,/market-activity/stocks/crf
CTEK,CynergisTek Inc. Common Stock,$1.32,-0.02,-1.493%,17494481.00,United States,2017,46935,Technology,Retail: Computer Software & Peripheral Equipment,/market-activity/stocks/ctek
CTGO,Contango ORE Inc. Common Stock,$23.35,-1.15,-4.694%,157513263.00,,2021,1724,Basic Industries,Precious Metals,/market-activity/stocks/ctgo
CVM,Cel-Sci Corporation Common Stock,$3.89,-0.04,-1.018%,168342621.00,United States,,339352,Health Care,Biotechnology: Biological Products (No Diagnostic Substances),/market-activity/stocks/cvm
CVR,Chicago Rivet & Machine Co. Common Stock,$26.4277,0.00,0.00%,25532647.00,United States,,26,Consumer Non-Durables,Industrial Specialties,/market-activity/stocks/cvr
CVU,CPI Aerostructures Inc. Common Stock,$3.01,0.06,2.034%,37162119.00,United States,,21294,Capital Goods,Military/Government/Technical,/market-activity/stocks/cvu
CYBN,Cybin Inc. Common Shares,$0.85,0.033,4.039%,139607923.00,,,726907,,,/market-activity/stocks/cybn
DHY,Credit Suisse High Yield Bond Fund Common Stock,$2.175,-0.005,-0.229%,225142374.00,United States,1998,583347,Finance,Finance/Investors Services,/market-activity/stocks/dhy
DIT,AMCON Distributing Company Common Stock,$160.40,5.10,3.284%,93479356.00,United States,,1405,Consumer Non-Durables,Food Distributors,/market-activity/stocks/dit
DLA,Delta Apparel Inc. Common Stock,$30.70,0.91,3.055%,213330401.00,United States,,8469,Consumer Non-Durables,Department/Specialty Retail Stores,/market-activity/stocks/dla
DMF,BNY Mellon Municipal Income Inc. Common Stock,$7.50,-0.09,-1.186%,155664983.00,United States,1988,49932,Finance,Finance/Investors Services,/market-activity/stocks/dmf
DNN,Denison Mines Corp Ordinary Shares (Canada),$1.635,0.035,2.188%,1335967723.00,Canada,,6602325,,,/market-activity/stocks/dnn
DSS,DSS Inc. Common Stock,$0.5994,0.0264,4.607%,50189418.00,United States,,690076,,,/market-activity/stocks/dss
DXF,Dunxin Financial Holdings Limited American Depositary Shares,$0.69,0.0251,3.775%,14406639.00,China,,315073,Consumer Non-Durables,Apparel,/market-activity/stocks/dxf
EAD,Allspring Income Opportunities Fund Common Shares,$7.995,0.095,1.203%,484386781.00,United States,2003,155515,Finance,Finance/Investors Services,/market-activity/stocks/ead
ECF,Ellsworth Growth and Income Fund Ltd.,$10.61,0.02,0.189%,147690288.00,United States,1986,24876,Finance,Finance/Investors Services,/market-activity/stocks/ecf
ECF^A,Ellsworth Growth and Income Fund Ltd. 5.25% Series A Cumulative Preferred Shares (Liquidation Preference $25.00 per share),$24.92,-0.05,-0.20%,,United States,,613,,,/market-activity/stocks/ecf^a
EIM,Eaton Vance Municipal Bond Fund Common Shares of Beneficial Interest $.01 par value,$11.51,0.01,0.087%,828181148.00,United States,2002,252682,Finance,Finance/Investors Services,/market-activity/stocks/eim
ELA,Envela Corporation Common Stock,$4.63,-0.03,-0.644%,124659884.00,United States,,4448,Consumer Non-Durables,Consumer Specialties,/market-activity/stocks/ela
ELLO,Ellomay Capital Ltd Ordinary Shares (Israel),$25.61,-0.99,-3.722%,329070445.00,Israel,,207,Public Utilities,Electric Utilities: Central,/market-activity/stocks/ello
ELMD,Electromed Inc. Common Stock,$12.615,0.175,1.407%,107648071.00,United States,2011,2643,Health Care,Biotechnology: Electromedical & Electrotherapeutic Apparatus,/market-activity/stocks/elmd
EMAN,eMagin Corporation Common Stock,$1.165,0.025,2.193%,85021093.00,United States,,171943,Capital Goods,Industrial Machinery/Components,/market-activity/stocks/eman
EMX,EMX Royalty Corporation Common Shares (Canada),$2.1955,0.0255,1.175%,231300779.00,Canada,,134056,,,/market-activity/stocks/emx
ENSV,Enservco Corporation Common Stock,$2.5342,-0.1658,-6.141%,28971694.00,United States,,783219,Energy,Oilfield Services/Equipment,/market-activity/stocks/ensv
ENX,Eaton Vance New York Municipal Bond Fund Common Shares of Beneficial Interest $.01 par value,$10.42,-0.06,-0.573%,188792623.00,United States,2002,20925,Finance,Finance/Investors Services,/market-activity/stocks/enx
EP,Empire Petroleum Corporation Common Stock,$19.49,0.70,3.725%,362142540.00,United States,2022,45606,Energy,Oil & Gas Production,/market-activity/stocks/ep
EPM,Evolution Petroleum Corporation Inc. Common Stock,$7.05,0.26,3.829%,237505187.00,United States,,409973,Energy,Oil & Gas Production,/market-activity/stocks/epm
EQX,Equinox Gold Corp. Common Shares,$8.54,0.27,3.265%,2585167611.00,Canada,,920140,,,/market-activity/stocks/eqx
ERC,Allspring Multi-Sector Income Fund Common Stock,$10.54,0.13,1.249%,296090439.00,United States,2003,252844,Finance,Finance/Investors Services,/market-activity/stocks/erc
ERH,Allspring Utilities and High Income Fund Common Shares,$14.125,0.115,0.821%,131167293.00,,2004,22464,Finance,Finance/Investors Services,/market-activity/stocks/erh
ESP,Espey Mfg. & Electronics Corp. Common Stock,$13.94,0.04,0.288%,37674704.00,United States,,901,Capital Goods,Industrial Machinery/Components,/market-activity/stocks/esp
EVBN,Evans Bancorp Inc. Common Stock,$38.0594,0.0594,0.156%,209246395.00,United States,,3834,Finance,Major Banks,/market-activity/stocks/evbn
EVI,EVI Industries Inc.  Common Stock,$18.30,-0.29,-1.56%,224968653.00,United States,,11680,Capital Goods,Industrial Machinery/Components,/market-activity/stocks/evi
EVM,Eaton Vance California Municipal Bond Fund Common Shares of Beneficial Interest $.01 par value,$9.99,-0.05,-0.498%,249693447.00,United States,2002,65835,Finance,Finance/Investors Services,/market-activity/stocks/evm
EVV,Eaton Vance Limited Duration Income Fund Common Shares of Beneficial Interest,$11.7623,0.0623,0.532%,1366429426.00,United States,2003,159670,Finance,Finance/Investors Services,/market-activity/stocks/evv
EXN,Excellon Resources Inc. Common Shares,$0.8156,-0.0677,-7.664%,26959568.00,,2020,627161,,,/market-activity/stocks/exn
FAX,Aberdeen Asia-Pacific Income Fund Inc Common Stock,$3.385,0.005,0.148%,838450175.00,United States,1986,1626203,Finance,Investment Managers,/market-activity/stocks/fax
FCO,Aberdeen Global Income Fund Inc. Common Stock,$6.12,-0.01,-0.163%,56430611.00,United States,1992,33614,Finance,Investment Managers,/market-activity/stocks/fco
FEN,First Trust Energy Income and Growth Fund,$16.26,0.04,0.247%,316310691.00,United States,2004,26298,Finance,Finance/Investors Services,/market-activity/stocks/fen
FRD,Friedman Industries Inc. Common Stock,$8.65,-0.16,-1.816%,59304478.00,United States,,16402,Basic Industries,Steel/Iron Ore,/market-activity/stocks/frd
FSI,Flexible Solutions International Inc. Common Stock (CDA),$4.03,-0.04,-0.983%,49874256.00,Canada,,24605,Capital Goods,Recreational Products/Toys,/market-activity/stocks/fsi
FSP,Franklin Street Properties Corp. Common Stock,$5.975,0.075,1.271%,621391157.00,United States,,243995,Consumer Services,Real Estate Investment Trusts,/market-activity/stocks/fsp
FTF,Franklin Limited Duration Income Trust Common Shares of Beneficial Interest,$7.67,0.09,1.187%,240368205.00,United States,2003,174813,Finance,Finance/Investors Services,/market-activity/stocks/ftf
FURY,Fury Gold Mines Limited Common Shares,$0.6624,-0.0146,-2.157%,83277557.00,,2020,115366,,,/market-activity/stocks/fury
GAU,Galiano Gold Inc.,$0.5263,-0.0265,-4.794%,118387739.00,Canada,,1744387,,,/market-activity/stocks/gau
GBR,New Concept Energy Inc Common Stock,$3.06,0.22,7.746%,15703718.00,United States,,72869,Consumer Services,Real Estate,/market-activity/stocks/gbr
GGN,GAMCO Global Gold Natural Resources & Income Trust,$4.0587,0.0287,0.712%,625682369.00,United States,2005,410509,Finance,Finance/Investors Services,/market-activity/stocks/ggn
GGN^B,GAMCO Global Gold Natural Reources & Income Trust 5.00% Series B Cumulative 25.00 Liquidation Preference,$24.70,0.00,0.00%,,United States,,54,,,/market-activity/stocks/ggn^b
GLDG,GoldMining Inc. Common Shares,$1.72,0.02,1.176%,258769461.00,,,443547,,,/market-activity/stocks/gldg
GLO,Clough Global Opportunities Fund Common Stock,$9.4437,0.0337,0.358%,378565938.00,United States,2006,125363,Finance,Finance/Investors Services,/market-activity/stocks/glo
GLQ,Clough Global Equity Fund Clough Global Equity Fund Common Shares of Beneficial Interest,$11.64,-0.08,-0.683%,206215148.00,United States,2005,45888,Finance,Finance/Investors Services,/market-activity/stocks/glq
GLTA,Galata Acquisition Corp. Class A Ordinary Shares,$9.87,-0.005,-0.051%,177351563.00,,2021,100,,,/market-activity/stocks/glta
GLU,Gabelli Global Utility Common Shares of Beneficial Ownership,$19.94,0.34,1.735%,107226513.00,United States,2004,3524,Finance,Finance/Investors Services,/market-activity/stocks/glu
GLU^A,The Gabelli Global Utility and Income Trust Series A Cumulative Puttable and Callable Preferred Shares,$47.0201,-0.4999,-1.052%,,United States,,385,,,/market-activity/stocks/glu^a
GLU^B,The Gabelli Global Utility and Income Trust Series B Cumulative Puttable and Callable Preferred Shares,$50.5702,0.00,0.00%,,United States,,25,,,/market-activity/stocks/glu^b
GLV,Clough Global Dividend and Income Fund Common Shares of beneficial interest,$9.16,-0.04,-0.435%,103519844.00,United States,2004,14908,Finance,Finance/Investors Services,/market-activity/stocks/glv
GOED,1847 Goedeker Inc. Commom Stock,$2.1491,0.2291,11.932%,228637015.00,United States,2020,2622551,Capital Goods,Recreational Products/Toys,/market-activity/stocks/goed
GORO,Gold Resource Corporation Common Stock,$2.36,0.12,5.357%,208479507.00,United States,,795112,Basic Industries,Precious Metals,/market-activity/stocks/goro
GPL,Great Panther Mining Limited Ordinary Shares (Canada),$0.26,0.009,3.586%,116722384.00,Canada,,2821371,,,/market-activity/stocks/gpl
GRF,Eagle Capital Growth Fund Inc. Common Stock,$9.12,-0.35,-3.696%,36590015.00,United States,,2337,Finance,Finance/Investors Services,/market-activity/stocks/grf
GROY,Gold Royalty Corp. Common Shares,$4.15,0.03,0.728%,555799129.00,,2021,625820,,,/market-activity/stocks/groy
GSAT,Globalstar Inc. Common Stock,$1.465,-0.005,-0.34%,2636245436.00,United States,2006,1632623,Consumer Services,Telecommunications Equipment,/market-activity/stocks/gsat
GSV,Gold Standard Ventures Corporation Common Stock (Canada),$0.4729,0.0329,7.477%,169645956.00,Canada,,336448,,,/market-activity/stocks/gsv
GTE,Gran Tierra Energy Inc. Common Stock,$1.575,0.005,0.318%,579115106.00,Canada,,4446451,Energy,Oil & Gas Production,/market-activity/stocks/gte
HNW,Pioneer Diversified High Income Fund Inc.,$12.92,0.05,0.389%,107659647.00,United States,2007,27413,Finance,Finance/Investors Services,/market-activity/stocks/hnw
HTBX,Heat Biologics Inc. Common Stock,$3.10,0.04,1.307%,79514454.00,United States,,61345,Health Care,Biotechnology: Pharmaceutical Preparations,/market-activity/stocks/htbx
HUSA,Houston American Energy Corporation Common Stock,$4.06,-0.38,-8.559%,40309052.00,United States,,1159835,Energy,Oil & Gas Production,/market-activity/stocks/husa
HWM^,Howmet Aerospace Inc. $3.75 Preferred Stock,$74.40,-0.0999,-0.134%,,United States,,216,,,/market-activity/stocks/hwm^
IAF,Aberdeen Australia Equity Fund Inc Common Stock,$6.2635,-0.0265,-0.421%,151258051.00,United States,,46169,Finance,Finance/Investors Services,/market-activity/stocks/iaf
IBIO,iBio Inc. Common Stock,$0.4318,0.0036,0.841%,94167922.00,United States,,1171248,Health Care,Biotechnology: Pharmaceutical Preparations,/market-activity/stocks/ibio
ID,PARTS iD Inc. Class A Common Stock,$2.3739,0.2339,10.93%,80631422.00,United States,2017,55935,Miscellaneous,Diversified Commercial Services,/market-activity/stocks/id
IDR,Idaho Strategic Resources Inc. Common Stock,$10.45,-0.01,-0.096%,112116378.00,,,10007,Basic Industries,Precious Metals,/market-activity/stocks/idr
IDW,IDW Media Holdings Class B Common Stock,$1.92,0.09,4.918%,24913989.00,,2021,343384,Consumer Services,Newspapers/Magazines,/market-activity/stocks/idw
IGC,India Globalization Capital Inc. Common Stock,$0.9348,-0.0141,-1.486%,47725295.00,United States,,376020,Technology,Engineering & Construction,/market-activity/stocks/igc
IHT,InnSuites Hospitality Trust Shares of Beneficial Interest,$2.955,-0.095,-3.115%,26706516.00,United States,,7985,Consumer Services,Real Estate Investment Trusts,/market-activity/stocks/iht
IMH,Impac Mortgage Holdings Inc. Common Stock ,$0.78,0.03,4.00%,16735033.00,United States,1997,8179,Finance,Finance: Consumer Services,/market-activity/stocks/imh
IMO,Imperial Oil Limited Common Stock,$49.18,0.86,1.78%,32908487855.00,Canada,,327639,,,/market-activity/stocks/imo
INDO,Indonesia Energy Corporation Limited Ordinary Shares,$21.55,-1.09,-4.814%,164797462.00,,2019,142053,Energy,Oil & Gas Production,/market-activity/stocks/indo
INFU,InfuSystems Holdings Inc. Common Stock,$9.82,0.02,0.204%,201776617.00,United States,,57101,Health Care,Medical/Dental Instruments,/market-activity/stocks/infu
INTT,inTest Corporation Common Stock,$10.70,-0.03,-0.28%,117238530.00,United States,1997,40764,Technology,Semiconductors,/market-activity/stocks/intt
INUV,Inuvo Inc.,$0.4969,0.0069,1.408%,59403307.00,United States,,863267,Technology,Advertising,/market-activity/stocks/inuv
IOR,Income Opportunity Realty Investors Inc. Common Stock,$13.00,0.56,4.502%,54189382.00,United States,,379,Finance,Diversified Financial Services,/market-activity/stocks/ior
ISDR,Issuer Direct Corporation Common Stock,$29.65,-0.08,-0.269%,112478402.00,United States,,2035,Technology,EDP Services,/market-activity/stocks/isdr
ISR,IsoRay Inc. Common Stock (DE),$0.365,0.002,0.551%,51844697.00,United States,,158299,Health Care,Medical/Dental Instruments,/market-activity/stocks/isr
ITP,IT Tech Packaging Inc. Common Stock,$0.2289,0.0063,2.83%,22672522.00,China,,672671,Basic Industries,Paper,/market-activity/stocks/itp
ITRG,Integra Resources Corp. Common Shares,$1.45,0.02,1.399%,90055592.00,,,71723,,,/market-activity/stocks/itrg
JOB,GEE Group Inc. Common Stock,$0.5688,0.0166,3.006%,64900339.00,United States,,879916,Technology,Diversified Commercial Services,/market-activity/stocks/job
KIQ,Kelso Technologies Inc Ordinary Shares,$0.4755,0.0055,1.17%,25805426.00,Canada,,40270,,,/market-activity/stocks/kiq
KULR,KULR Technology Group Inc. Common Stock,$2.18,0.01,0.461%,228605079.00,United States,,314122,,,/market-activity/stocks/kulr
LCTX,Lineage Cell Therapeutics Inc. Common Stock,$1.56,0.02,1.299%,233970901.00,United States,,321015,Health Care,Biotechnology: Biological Products (No Diagnostic Substances),/market-activity/stocks/lctx
LEU,Centrus Energy Corp. Class A Common Stock,$32.52,-1.18,-3.501%,468064685.00,United States,2014,164304,,,/market-activity/stocks/leu
LGL,LGL Group Inc. (The) Common Stock,$10.70,-0.25,-2.283%,57408239.00,United States,,265,Capital Goods,Industrial Machinery/Components,/market-activity/stocks/lgl
LNG,Cheniere Energy Inc. Common Stock,$141.54,2.89,2.084%,36007472397.00,United States,,1695789,Public Utilities,Oil/Gas Transmission,/market-activity/stocks/lng
LODE,Comstock Mining Inc. Common Stock,$1.8403,0.1703,10.198%,124602723.00,United States,,1735962,Finance,Real Estate,/market-activity/stocks/lode
LSF,Laird Superfood Inc. Common Stock,$3.8065,0.1965,5.443%,34618363.00,,2020,119804,Consumer Non-Durables,Specialty Foods,/market-activity/stocks/lsf
LXFR,Luxfer Holdings PLC Ordinary Shares,$17.18,0.38,2.262%,472962376.00,United Kingdom,2012,64009,Capital Goods,Metal Fabrications,/market-activity/stocks/lxfr
MAG,MAG Silver Corporation Ordinary Shares,$16.75,0.58,3.587%,1636881221.00,Canada,,396931,,,/market-activity/stocks/mag
MGLD,The Marygold Companies Inc. Common Stock,$1.71,-0.1501,-8.069%,67345715.00,,,286840,Finance,Finance/Investors Services,/market-activity/stocks/mgld
MHH,Mastech Digital Inc Common Stock,$18.86,0.37,2.001%,217393656.00,United States,,11670,Consumer Services,Professional Services,/market-activity/stocks/mhh
MIMO,Airspan Networks Holdings Inc. Common Stock,$3.15,0.24,8.247%,226876977.00,,2020,89331,Consumer Services,Telecommunications Equipment,/market-activity/stocks/mimo
MITQ,Moving iMage Technologies Inc. Common Stock,$1.25,0.00,0.00%,13295348.00,United States,2021,81426,Capital Goods,Telecommunications Equipment,/market-activity/stocks/mitq
MLSS,Milestone Scientific Inc. Common Stock,$1.46,-0.06,-3.947%,99055058.00,United States,2015,252166,Health Care,Industrial Specialties,/market-activity/stocks/mlss
MMX,Maverix Metals Inc. Common Shares,$4.995,0.195,4.063%,733867173.00,,,205874,,,/market-activity/stocks/mmx
MSN,Emerson Radio Corporation Common Stock,$0.744,-0.0236,-3.075%,15655733.00,United States,,9552,Consumer Non-Durables,Consumer Electronics/Appliances,/market-activity/stocks/msn
MTA,Metalla Royalty & Streaming Ltd. Common Shares,$7.26,0.19,2.687%,322863177.00,,,124813,,,/market-activity/stocks/mta
MTMT,Mega Matrix Corp. Common Stock,$2.07,0.07,3.50%,45713994.00,United States,,130755,Technology,Diversified Commercial Services,/market-activity/stocks/mtmt
MTNB,Matinas Biopharma Holdings Inc. Common Stock,$0.8162,0.0118,1.467%,177004826.00,United States,2017,237276,Health Care,Biotechnology: Pharmaceutical Preparations,/market-activity/stocks/mtnb
MXC,Mexco Energy Corporation Common Stock,$16.3101,0.1101,0.68%,34604585.00,United States,,21770,Energy,Oil & Gas Production,/market-activity/stocks/mxc
MYO,Myomo Inc. Common Stock,$4.0525,0.2425,6.365%,27861164.00,United States,2017,47235,Health Care,Industrial Specialties,/market-activity/stocks/myo
NAK,Northern Dynasty Minerals Ltd. Common Stock,$0.4508,0.0358,8.627%,238807598.00,Canada,,5972762,,,/market-activity/stocks/nak
NAVB,Navidea Biopharmaceuticals Inc. Common Stock,$0.8447,0.0547,6.924%,25593611.00,United States,,5963,Health Care,Biotechnology: In Vitro & In Vivo Diagnostic Substances,/market-activity/stocks/navb
NBH,Neuberger Berman Municipal Fund Inc. Common Stock,$13.075,-0.205,-1.544%,246267481.00,United States,2002,67961,Finance,Finance/Investors Services,/market-activity/stocks/nbh
NBO,Neuberger Berman New York Municipal Fund Inc. Common Stock,$11.56,-0.04,-0.345%,58694941.00,United States,2002,1436,Finance,Finance/Investors Services,/market-activity/stocks/nbo
NBW,Neuberger Berman California Municipal Fund Inc Common Stock,$12.23,0.02,0.164%,67889268.00,United States,2002,14066,Finance,Finance/Investors Services,/market-activity/stocks/nbw
NBY,NovaBay Pharmaceuticals Inc. Common Stock,$0.297,0.0007,0.236%,15271254.00,United States,2007,110222,Health Care,Biotechnology: Pharmaceutical Preparations,/market-activity/stocks/nby
NEN,New England Realty Associates Limited Partnership Class A Depositary Receipts Evidencing Units of Limited Partnership,$80.00,-0.11,-0.137%,291056960.00,United States,,627,Finance,Real Estate,/market-activity/stocks/nen
NEWP,New Pacific Metals Corp. Common Shares,$3.30,0.12,3.774%,513992031.00,,2021,96158,,,/market-activity/stocks/newp
NFGC,New Found Gold Corp Common Shares,$6.29,0.17,2.778%,1033100075.00,,2021,235636,,,/market-activity/stocks/nfgc
NG,Novagold Resources Inc.,$7.945,0.215,2.781%,2647214977.00,Canada,,857823,,,/market-activity/stocks/ng
NGD,New Gold Inc.,$1.84,0.04,2.222%,1253503397.00,Canada,,4011598,,,/market-activity/stocks/ngd
NHC,National HealthCare Corporation Common Stock,$71.73,1.50,2.136%,1109758573.00,United States,,13563,Health Care,Hospital/Nursing Management,/market-activity/stocks/nhc
NHS,Neuberger Berman High Yield Strategies Fund,$11.54,0.12,1.051%,169217967.00,United States,,43561,Finance,Trusts Except Educational Religious and Charitable,/market-activity/stocks/nhs
NILE,BitNile Holdings Inc. Common Stock,$0.7638,-0.0793,-9.406%,64412054.00,United States,,46841929,Finance,Investment Bankers/Brokers/Service,/market-activity/stocks/nile
NML,Neuberger Berman MLP and Energy Income Fund Inc. Common Stock,$6.53,0.09,1.398%,369982800.00,,2013,117030,Finance,Finance/Investors Services,/market-activity/stocks/nml
NNVC,NanoViricides Inc. Common Stock,$2.1261,0.0361,1.727%,24522437.00,United States,,67341,Health Care,Biotechnology: Pharmaceutical Preparations,/market-activity/stocks/nnvc
NRO,Neuberger Berman Real Estate Securities Income Fund Inc. Neuberger Berman Real Estate Securities Income Fund Inc.,$5.017,0.027,0.541%,238018089.00,United States,2003,92233,Finance,Finance/Investors Services,/market-activity/stocks/nro
NTIP,Network-1 Technologies Inc. Common Stock,$2.62,0.01,0.383%,62573523.00,United States,,10141,,,/market-activity/stocks/ntip
OBE,Obsidian Energy Ltd. Common Shares,$8.87,0.01,0.113%,718274949.00,,,396756,,,/market-activity/stocks/obe
OGEN,Oragenics Inc. Common Stock,$0.3389,-0.0056,-1.626%,39446200.00,United States,,279674,Health Care,Biotechnology: Pharmaceutical Preparations,/market-activity/stocks/ogen
OPTT,Ocean Power Technologies Inc. Common Stock,$1.3901,-0.0199,-1.411%,77698545.00,United States,2007,136210,Capital Goods,Industrial Machinery/Components,/market-activity/stocks/optt
ORLA,Orla Mining Ltd. Common Shares,$4.99,0.20,4.175%,1236634045.00,,2020,89162,,,/market-activity/stocks/orla
OZ,Belpointe PREP LLC Class A Units,$99.73,-0.17,-0.17%,337301720.00,,,4325,,,/market-activity/stocks/oz
PCG^A,Pacific Gas & Electric Co. 6% Preferred Stock,$30.35,-0.04,-0.132%,,United States,,1974,,,/market-activity/stocks/pcg^a
PCG^B,Pacific Gas & Electric Co. 5 1/2% Preferred Stock,$29.87,0.00,0.00%,,United States,,109,,,/market-activity/stocks/pcg^b
PCG^C,Pacific Gas & Electric Co. 5% 1st Preferred Stock,$25.56,0.00,0.00%,,United States,,1,,,/market-activity/stocks/pcg^c
PCG^D,Pacific Gas & Electric Co. 5% 1st  Red. Preferred Stock,$25.62,0.00,0.00%,,United States,,7,,,/market-activity/stocks/pcg^d
PCG^G,Pacific Gas & Electric Co. 4.80% 1st Preferred Stock,$24.34,-0.51,-2.052%,,United States,,6330,,,/market-activity/stocks/pcg^g
PCG^H,Pacific Gas & Electric Co. 4.50% 1st Preferred Stock,$24.625,0.475,1.967%,,United States,,777,,,/market-activity/stocks/pcg^h
PED,Pedevco Corp. Common Stock,$1.36,0.01,0.741%,116229879.00,United States,,220135,,,/market-activity/stocks/ped
PHGE,BiomX Inc. COmmon Stock,$1.93,0.00,0.00%,55161772.00,,2019,20051,Health Care,Biotechnology: Pharmaceutical Preparations,/market-activity/stocks/phge
PLAG,Planet Green Holdings Corp. Common Stock,$0.8666,-0.0307,-3.421%,36901501.00,China,,4073,,,/market-activity/stocks/plag
PLG,Platinum Group Metals Ltd. Ordinary Shares (Canada),$2.14,0.03,1.422%,205207448.00,Canada,,523112,,,/market-activity/stocks/plg
PLM,Polymet Mining Corporation Ordinary Shares (Canada),$3.885,-0.305,-7.279%,394215348.00,Canada,,797241,,,/market-activity/stocks/plm
PLX,Protalix BioTherapeutics Inc. (DE) Common Stock,$1.05,-0.01,-0.943%,47834479.00,Israel,,247834,Health Care,Biotechnology: Biological Products (No Diagnostic Substances),/market-activity/stocks/plx
PLYM^A,Plymouth Industrial REIT Inc. 7.50% Series A Cumulative Redeemable Preferred Stock,$25.58,0.20,0.788%,,United States,,449,,,/market-activity/stocks/plym^a
PRK,Park National Corporation Common Stock,$131.99,0.61,0.464%,2140740926.00,United States,,11833,Finance,Major Banks,/market-activity/stocks/prk
PTN,Palatin Technologies Inc. Common Stock,$0.503,0.0429,9.324%,116542722.00,United States,,2223698,Health Care,Biotechnology: Pharmaceutical Preparations,/market-activity/stocks/ptn
PW,Power REIT (MD) Common Stock,$39.39,0.00,0.00%,130870636.00,United States,,57831,Consumer Services,Real Estate Investment Trusts,/market-activity/stocks/pw
PW^A,Power REIT 7.75% Series A Cumulative Perpetual Preferred Stock,$25.70,-0.2101,-0.811%,,United States,,440,,,/market-activity/stocks/pw^a
PZG,Paramount Gold Nevada Corp. Common Stock,$0.6398,-0.0114,-1.751%,29638787.00,United States,2015,521315,Basic Industries,Precious Metals,/market-activity/stocks/pzg
RCG,RENN Fund Inc Common Stock,$2.30,0.14,6.481%,13689499.00,United States,,3875,Finance,Investment Managers,/market-activity/stocks/rcg
RCOR,Renovacor Inc. Common Stock,$4.24,0.00,0.00%,73165618.00,,2020,167,Health Care,Biotechnology: Pharmaceutical Preparations,/market-activity/stocks/rcor
REI,Ring Energy Inc. Common Stock,$3.935,0.115,3.01%,394257731.00,United States,,2060375,Energy,Oil & Gas Production,/market-activity/stocks/rei
REPX,Riley Exploration Permian Inc. Common Stock,$26.45,1.37,5.463%,516170031.00,United States,,36133,Energy,Oil & Gas Production,/market-activity/stocks/repx
RHE,Regional Health Properties Inc. Common Stock,$3.5401,0.0101,0.286%,6410795.00,,2017,27341,Consumer Services,Real Estate Investment Trusts,/market-activity/stocks/rhe
RHE^A,Regional Health Properties Inc. 10.875% Series A Cumulative Redeemable Preferred Stock,$4.00,-0.65,-13.978%,,,,5380,,,/market-activity/stocks/rhe^a
RLGT,Radiant Logistics Inc. Common Stock,$6.28,-0.09,-1.413%,310503955.00,United States,,70500,Transportation,Oil Refining/Marketing,/market-activity/stocks/rlgt
RMED,Ra Medical Systems Inc. Common Stock,$0.4077,0.0076,1.90%,12825650.00,,2018,920287,Health Care,Medical/Dental Instruments,/market-activity/stocks/rmed
RVP,Retractable Technologies Inc. Common Stock,$4.63,-0.12,-2.526%,156328630.00,United States,,140443,Health Care,Medical/Dental Instruments,/market-activity/stocks/rvp
SACC,Sachem Capital Corp. 6.875% Notes due 2024,$25.18,-0.11,-0.435%,0.00,United States,2019,5222,Consumer Services,Real Estate Investment Trusts,/market-activity/stocks/sacc
SACH,Sachem Capital Corp. Common Shares,$5.21,0.09,1.758%,184232842.00,United States,2017,193946,Consumer Services,Real Estate Investment Trusts,/market-activity/stocks/sach
SACH^A,Sachem Capital Corp. 7.75% Series A Cumulative Redeemable Preferred Stock,$25.64,0.0399,0.156%,,United States,,1484,,,/market-activity/stocks/sach^a
SBEV,Splash Beverage Group Inc. (NV) Common Stock,$2.75,-0.09,-3.169%,100082771.00,,2021,335641,Consumer Non-Durables,Beverages (Production/Distribution),/market-activity/stocks/sbev
SCCB,Sachem Capital Corp. 7.125% Notes due 2024,$25.22,-0.14,-0.552%,0.00,United States,2019,850,Consumer Services,Real Estate Investment Trusts,/market-activity/stocks/sccb
SCCC,Sachem Capital Corp. 7.75% Notes due 2025,$25.39,0.00,0.00%,0.00,United States,2020,1963,Consumer Services,Real Estate Investment Trusts,/market-activity/stocks/sccc
SCCD,Sachem Capital Corp. 6.00% Notes due 2026,$24.72,-0.08,-0.323%,0.00,United States,,14245,Consumer Services,Real Estate Investment Trusts,/market-activity/stocks/sccd
SCCE,Sachem Capital Corp. 6.00% Notes due 2027,$24.6388,-0.0612,-0.248%,0.00,United States,2022,3528,Consumer Services,Real Estate Investment Trusts,/market-activity/stocks/scce
SDPI,Superior Drilling Products Inc. Common Stock,$1.0603,0.0003,0.028%,29937572.00,,2014,290890,Energy,Metal Fabrications,/market-activity/stocks/sdpi
SEB,Seaboard Corporation Common Stock,$4179.8501,-25.6399,-0.61%,4851882219.00,United States,1996,587,,,/market-activity/stocks/seb
SENS,Senseonics Holdings Inc. Common Stock,$1.925,-0.045,-2.284%,891555817.00,United States,,3066788,Health Care,Biotechnology: Electromedical & Electrotherapeutic Apparatus,/market-activity/stocks/sens
SIF,SIFCO Industries Inc. Common Stock,$4.7381,-0.2203,-4.443%,28444146.00,United States,,2573,Capital Goods,Office Equipment/Supplies/Services,/market-activity/stocks/sif
SILV,SilverCrest Metals Inc. Common Shares,$9.245,0.335,3.76%,1348556723.00,,2018,422920,Capital Goods,Industrial Machinery/Components,/market-activity/stocks/silv
SIM,Grupo Simec S.A.B. de C.V. American Depositary Shares,$29.50,0.20,0.683%,4548710522.00,Mexico,1993,4784,Basic Industries,Steel/Iron Ore,/market-activity/stocks/sim
SKYH,Sky Harbour Group Corporation Class A Common Stock,$14.32,-0.60,-4.021%,213906160.00,,,210350,Capital Goods,Military/Government/Technical,/market-activity/stocks/skyh
SLI,Standard Lithium Ltd. Common Shares,$8.36,-0.44,-5.00%,1351962873.00,,2021,2905312,,,/market-activity/stocks/sli
SMTS,Sierra Metals Inc. Common Stock,$1.25,0.07,5.932%,204250000.00,,,249683,,,/market-activity/stocks/smts
SNMP,Evolve Transition Infrastructure LP Common Stock,$0.64,0.119,22.841%,73065740.00,United States,,13799296,Energy,Oil & Gas Production,/market-activity/stocks/snmp
SSY,SunLink Health Systems Inc. Common Stock,$1.465,0.005,0.342%,10187831.00,United States,,17589,Health Care,Medical/Nursing Services,/market-activity/stocks/ssy
STXS,Stereotaxis Inc. Common Stock,$3.75,0.02,0.536%,279893648.00,United States,,245699,Health Care,Biotechnology: Electromedical & Electrotherapeutic Apparatus,/market-activity/stocks/stxs
SVM,Silvercorp Metals Inc. Common Shares,$3.74,0.12,3.315%,662375688.00,,,866894,,,/market-activity/stocks/svm
SVT,Servotronics Inc. Common Stock,$14.25,-0.4038,-2.756%,35506255.00,United States,,32723,Consumer Durables,Metal Fabrications,/market-activity/stocks/svt
SYN,Synthetic Biologics Inc. Common Stock,$0.2901,0.0048,1.682%,45962817.00,United States,,740650,Health Care,Biotechnology: Pharmaceutical Preparations,/market-activity/stocks/syn
TELL,Tellurian Inc. Common Stock,$6.325,1.025,19.34%,3279470742.00,United States,,67623976,Energy,Oil & Gas Production,/market-activity/stocks/tell
TELZ,Tellurian Inc. 8.25% Senior Notes due 2028,$25.50,0.7501,3.031%,0.00,United States,,26681,,,/market-activity/stocks/telz
TGB,Taseko Mines Ltd. Common Stock,$2.355,0.065,2.838%,673483180.00,Canada,,1750621,,,/market-activity/stocks/tgb
THM,International Tower Hill Mines Ltd. Ordinary Shares (Canada),$1.065,0.0841,8.574%,207577216.00,Canada,,103466,,,/market-activity/stocks/thm
TKAT,Takung Art Co. Ltd. Common Stock,$3.80,1.55,68.889%,53037941.00,,,26157109,Consumer Services,Catalog/Specialty Distribution,/market-activity/stocks/tkat
TMBR,Timber Pharmaceuticals Inc. Common Stock,$0.3848,-0.0002,-0.052%,24548766.00,United States,2015,293462,Consumer Durables,Specialty Chemicals,/market-activity/stocks/tmbr
TMP,Tompkins Financial Corporation Common Stock,$78.69,0.42,0.537%,1154398510.00,United States,,18798,Finance,Major Banks,/market-activity/stocks/tmp
TMQ,Trilogy Metals Inc. Common Stock,$1.085,0.035,3.333%,157828750.00,Canada,,1054318,,,/market-activity/stocks/tmq
TPHS,Trinity Place Holdings Inc. Common Stock,$1.94,0.04,2.105%,71199428.00,,,15602,Consumer Services,Real Estate,/market-activity/stocks/tphs
TRT,Trio-Tech International Common Stock,$7.30,0.095,1.319%,28829014.00,United States,,31686,Technology,Industrial Machinery/Components,/market-activity/stocks/trt
TRX,Tanzanian Gold Corporation Common Stock,$0.3004,-0.0091,-2.94%,82308117.00,Canada,,632726,,,/market-activity/stocks/trx
UAMY,United States Antimony Corporation Common Stock,$0.6049,-0.0401,-6.217%,64190684.00,United States,,1791505,,,/market-activity/stocks/uamy
UAVS,AgEagle Aerial Systems Inc. Common Stock,$1.13,-0.06,-5.042%,87312156.00,United States,,2232414,,,/market-activity/stocks/uavs
UEC,Uranium Energy Corp. Common Stock,$4.6199,0.0299,0.651%,1307501812.00,Canada,,7899798,Basic Industries,Other Metals and Minerals,/market-activity/stocks/uec
UFAB,Unique Fabricating Inc. Common Stock,$1.84,-0.06,-3.158%,21588990.00,United States,2015,7149,Capital Goods,Auto Parts:O.E.M.,/market-activity/stocks/ufab
URG,Ur Energy Inc Common Shares (Canada),$1.61,0.01,0.625%,349681799.00,Canada,,985787,,,/market-activity/stocks/urg
USAS,Americas Gold and Silver Corporation Common Shares no par value,$1.10,0.02,1.852%,196265694.00,,2017,321858,,,/market-activity/stocks/usas
UTG,Reaves Utility Income Fund Common Shares of Beneficial Interest,$34.8998,0.3298,0.954%,2363691700.00,United States,2004,165145,Finance,Investment Managers,/market-activity/stocks/utg
UUU,Universal Security Instruments Inc. Common Stock,$4.30,0.05,1.176%,9945414.00,United States,,169213,Miscellaneous,Diversified Manufacture,/market-activity/stocks/uuu
UUUU,Energy Fuels Inc Ordinary Shares (Canada),$9.248,0.098,1.071%,1449228972.00,,,2739771,,,/market-activity/stocks/uuuu
VFL,Delaware Investments National Municipal Income Fund Common Stock,$12.62,-0.03,-0.237%,264473478.00,United States,1993,24784,Finance,Finance/Investors Services,/market-activity/stocks/vfl
VGZ,Vista Gold Corp Common Stock,$1.0501,0.0001,0.01%,123891953.00,United States,,219237,,,/market-activity/stocks/vgz
VHAQ,Viveon Health Acquisition Corp. Common Stock,$10.15,0.05,0.495%,255335938.00,,2021,29281,,,/market-activity/stocks/vhaq
VINE,Fresh Vine Wine Inc. Common Stock,$3.81,0.46,13.731%,46482050.00,,2021,154388,Consumer Non-Durables,Beverages (Production/Distribution),/market-activity/stocks/vine
VKI,Invesco Advantage Municipal Income Trust II Common Shares of Beneficial Interest (DE),$10.455,-0.005,-0.048%,464113666.00,United States,,56751,Finance,Finance Companies,/market-activity/stocks/vki
VNRX,VolitionRX Limited Common Stock,$3.08,0.07,2.326%,164891376.00,Singapore,2015,51724,Health Care,Biotechnology: Biological Products (No Diagnostic Substances),/market-activity/stocks/vnrx
VOLT,Volt Information Sciences Inc. Common Stock,$5.98,0.00,0.00%,132153491.00,United States,,102628,Technology,Diversified Commercial Services,/market-activity/stocks/volt
VZLA,Vizsla Silver Corp. Common Shares,$1.9516,-0.0584,-2.905%,289399558.00,,2022,123190,,,/market-activity/stocks/vzla
WBEV,Winc Inc. Common Stock,$3.24,0.07,2.208%,42635711.00,,2021,2755,Consumer Non-Durables,Beverages (Production/Distribution),/market-activity/stocks/wbev
WLMS,Williams Industrial Services Group Inc. Common Stock,$1.95,-0.04,-2.01%,51151454.00,,2021,48380,Capital Goods,Engineering & Construction,/market-activity/stocks/wlms
WRN,Western Copper and Gold Corporation Common Stock,$2.35,0.00,0.00%,355851394.00,Canada,2011,295349,,,/market-activity/stocks/wrn
WTT,Wireless Telecom Group  Inc. Common Stock,$1.73,0.01,0.581%,39212308.00,United States,,6709,Capital Goods,Telecommunications Equipment,/market-activity/stocks/wtt
WWR,Westwater Resources Inc. Common Stock,$1.92,-0.08,-4.00%,78918572.00,United States,,9537777,Basic Industries,Other Metals and Minerals,/market-activity/stocks/wwr
WYY,WidePoint Corporation Common Stock,$3.8601,0.0801,2.119%,33503329.00,United States,,13544,Technology,EDP Services,/market-activity/stocks/wyy
XPL,Solitario Zinc Corp. Common Stock,$0.85,0.006,0.711%,52730939.00,United States,,204026,Basic Industries,Metal Mining,/market-activity/stocks/xpl
XTNT,Xtant Medical Holdings Inc. Common Stock,$0.695,0.015,2.206%,60683022.00,United States,,3562,Health Care,Medical Specialities,/market-activity/stocks/xtnt
YCBD,cbdMD Inc. Common Stock,$1.03,-0.01,-0.962%,61127629.00,United States,2017,191425,Health Care,Biotechnology: Pharmaceutical Preparations,/market-activity/stocks/ycbd
YCBD^A,cbdMD Inc. 8.0% Series A Cumulative Convertible Preferred Stock,$5.60,0.0901,1.635%,,United States,,8890,,,/market-activity/stocks/ycbd^a
ZDGE,Zedge Inc. Class B Common Stock ,$5.97,-0.12,-1.97%,85968299.00,,2016,54954,Technology,Internet and Information Services,/market-activity/stocks/zdge
ZOM,Zomedica Corp. Common Shares,$0.3285,-0.0085,-2.522%,321897041.00,United States,2017,6472025,,,/market-activity/stocks/zom
